<?xml version="1.0"?>
<filterConditions>simulated</filterConditions>
<filterConditions>locked</filterConditions>
<filterConditions>User ID is disabled</filterConditions>
<filterConditions>native thread</filterConditions>
<filterConditions>ORA-27101</filterConditions>
<filterConditions>ORA-01034</filterConditions>
<filterConditions>ORA-12505</filterConditions>
<filterConditions>ORA-01033</filterConditions>
<filterConditions>ORA-01089</filterConditions>
<filterConditions>ORA-01681</filterConditions>
<filterConditions>ORA-01691</filterConditions>
<filterConditions>ORA-01692</filterConditions>
<filterConditions>ORA-01693</filterConditions>
<filterConditions>ORA-01694</filterConditions>
<filterConditions>ORA-0094</filterConditions>
<filterConditions>SQL0204</filterConditions>
<filterConditions>Failure while loading service</filterConditions>
<filterConditions>ISU.0000.9999D</filterConditions>
<filterConditions>Failed to create certificate</filterConditions>
<filterConditions>Certificate chain broken</filterConditions>
<filterConditions>Error in certificate chain</filterConditions>
<filterConditions>Could not initialize HTTP Listener</filterConditions>
<filterConditions>Could not initialize HTTPS</filterConditions>
<filterConditions>invalid package</filterConditions>
<filterConditions>Access denied to invoke on remote server</filterConditions>
<filterConditions>Could not read users.cnf</filterConditions>
<filterConditions>Could not write users.cnf</filterConditions>
<filterConditions>Dispatcher could not be shutdown</filterConditions>
<filterConditions>Failure while loading service</filterConditions>
<filterConditions>Could not open the Repository</filterConditions>
<filterConditions>Could not add server to the cluster</filterConditions>
<filterConditions>The cluster is now not operational</filterConditions>
<filterConditions>Failed to invoke service</filterConditions>
<filterConditions>Failed to invoke service on any server in cluster</filterConditions>
<filterConditions>Transport error encountered</filterConditions>
<filterConditions>An I/O or Socket exception has occurred</filterConditions>
<filterConditions>Server is not accepting new requests at this time</filterConditions>
<filterConditions>Repository Exception</filterConditions>
<filterConditions>Unable to connect to Broker</filterConditions>
<filterConditions>Database Storage problem</filterConditions>
<filterConditions>WmConnectionPool Exception</filterConditions>
<filterConditions>.*zero</filterConditions>
<version>1237537589198</version>